Afrotheria;Mammut americanum;GBMA27046-19
Afrotheria;Mammut americanum;GBMA18536-19
Afrotheria;Mammut americanum;GBMNA12972-19
Afrotheria;Dendrohyrax dorsalis;GBMIN43603-14
Afrotheria;Dendrohyrax dorsalis;GBMTG1064-16
Afrotheria;Dendrohyrax dorsalis;GBMNA12965-19
Afrotheria;Elephas maximus;GBMA14165-15
Afrotheria;Elephas maximus;GBMTG379-16
Afrotheria;Elephas maximus;GBMA2106-09
Afrotheria;Echinops telfairi;GBMA0020-06
Afrotheria;Echinops telfairi;GBMA0088-06
Afrotheria;Echinops telfairi;GBMTG150-16
Afrotheria;Rhynchocyon petersi;GBMIN41804-14
Afrotheria;Rhynchocyon petersi;GBMIN41815-14
Afrotheria;Rhynchocyon petersi;CAB125-06
Afrotheria;Loxodonta africana;GBMTG053-16
Afrotheria;Loxodonta africana;GBMA22678-19
Afrotheria;Loxodonta africana;GBMA0459-06
Afrotheria;Orycteropus afer;GBMA16126-17
Afrotheria;Orycteropus afer;GBMIN41799-14
Afrotheria;Orycteropus afer;GBMIN43551-14
Afrotheria;Trichechus manatus;ABFG353-10
Afrotheria;Trichechus manatus;GBMA23575-19
Afrotheria;Trichechus manatus;GBMA23574-19
Afrotheria;Elephantulus rufescens;HSY106-11
Afrotheria;Elephantulus rufescens;HSY368-11
Afrotheria;Elephantulus rufescens;HSY367-11
Afrotheria;Mammuthus columbi;GBMTG1873-16
Afrotheria;Mammuthus columbi;GBMA22807-19
Afrotheria;Mammuthus columbi;GBMA22813-19
Afrotheria;Loxodonta cyclotis;GBMNA12971-19
Afrotheria;Loxodonta cyclotis;GBMA24993-19
Afrotheria;Loxodonta cyclotis;GBMTG2734-16
Afrotheria;Dugong dugon;GBMIN43095-14
Afrotheria;Dugong dugon;GBMTG243-16
Afrotheria;Dugong dugon;GBMNA12975-19
Afrotheria;Elephantulus myurus;ABMSA031-13
Afrotheria;Elephantulus myurus;ABMSA172-13
Afrotheria;Elephantulus myurus;ABMSA034-13
Afrotheria;Mammuthus primigenius;GBMA1851-08
Afrotheria;Mammuthus primigenius;GBMA0457-06
Afrotheria;Mammuthus primigenius;GBMA22721-19
Afrotheria;Procavia capensis;GBMA2107-09
Afrotheria;Procavia capensis;WBR026-11
Afrotheria;Procavia capensis;GBMTG369-16
Artiodactyla;Balaenoptera edeni;GBMA26093-19
Artiodactyla;Balaenoptera edeni;GBMA4647-13
Artiodactyla;Balaenoptera edeni;GBMTG746-16
Artiodactyla;Elaphurus davidianus;GBMA5219-13
Artiodactyla;Elaphurus davidianus;GBMA5216-13
Artiodactyla;Elaphurus davidianus;GBMA5222-13
Artiodactyla;Balaenoptera brydei;GBMNA13488-19
Artiodactyla;Balaenoptera brydei;GBMA0026-06
Artiodactyla;Balaenoptera brydei;GBMTG630-16
Artiodactyla;Philantomba monticola;BSHMT049-09
Artiodactyla;Philantomba monticola;GBMIN43498-14
Artiodactyla;Philantomba monticola;BSHMT026-09
Artiodactyla;Oryx dammah;CYTC1581-12
Artiodactyla;Oryx dammah;GBMTG1991-16
Artiodactyla;Oryx dammah;ABRMM050-06
Artiodactyla;Inia boliviensis;GBMIN43279-14
Artiodactyla;Inia boliviensis;GBMIN43265-14
Artiodactyla;Inia boliviensis;GBMIN43302-14
Artiodactyla;Feresa attenuata;GBMA6943-13
Artiodactyla;Feresa attenuata;GBMA6944-13
Artiodactyla;Feresa attenuata;CYTC5056-12
Artiodactyla;Muntiacus muntjak;GBMA4874-13
Artiodactyla;Muntiacus muntjak;GBMIN41798-14
Artiodactyla;Muntiacus muntjak;GBMA15611-17
Artiodactyla;Gazella bennettii;GBMTG2804-16
Artiodactyla;Gazella bennettii;GBMA15176-17
Artiodactyla;Gazella bennettii;GBMA26826-19
Artiodactyla;Sotalia guianensis;ABFG339-10
Artiodactyla;Sotalia guianensis;ABFG377-10
Artiodactyla;Sotalia guianensis;GBMA18198-19
Artiodactyla;Sousa chinensis;GBMTG1505-16
Artiodactyla;Sousa chinensis;GBMNA13511-19
Artiodactyla;Sousa chinensis;GBMA6888-13
Artiodactyla;Hydropotes inermis;GBMA8329-15
Artiodactyla;Hydropotes inermis;CYTC1553-12
Artiodactyla;Hydropotes inermis;GBMA5213-13
Artiodactyla;Naemorhedus griseus;GBMTG2728-16
Artiodactyla;Naemorhedus griseus;GBMNA16715-19
Artiodactyla;Naemorhedus griseus;GBMNA13610-19
Artiodactyla;Boselaphus tragocamelus;GBMA14716-17
Artiodactyla;Boselaphus tragocamelus;GBMTG2880-16
Artiodactyla;Boselaphus tragocamelus;GBMNA13578-19
Artiodactyla;Stenella attenuata;GBMA21276-19
Artiodactyla;Stenella attenuata;GBMA21313-19
Artiodactyla;Stenella attenuata;GBMA21292-19
Artiodactyla;Ovibos moschatus;ABMC178-05
Artiodactyla;Ovibos moschatus;ABRCM150-06
Artiodactyla;Ovibos moschatus;ABRCM151-06
Artiodactyla;Pseudois nayaur;GBMA4103-12
Artiodactyla;Pseudois nayaur;GBMA19634-19
Artiodactyla;Pseudois nayaur;GBMNA13620-19
Artiodactyla;Budorcas taxicolor;GBMA4088-12
Artiodactyla;Budorcas taxicolor;GBMTG2077-16
Artiodactyla;Budorcas taxicolor;GBMA4111-12
Artiodactyla;Mazama americana;ABGYC372-06
Artiodactyla;Mazama americana;GBMNA13690-19
Artiodactyla;Mazama americana;CYTC1561-12
Artiodactyla;Balaenoptera physalus;GBMA7572-13
Artiodactyla;Balaenoptera physalus;GBMA7563-13
Artiodactyla;Balaenoptera physalus;GBMA7564-13
Artiodactyla;Balaena mysticetus;ABUAM047-07
Artiodactyla;Balaena mysticetus;ABUAM019-07
Artiodactyla;Balaena mysticetus;ABUAM089-07
Artiodactyla;Bos grunniens;GBMA2207-09
Artiodactyla;Bos grunniens;GBMA19474-19
Artiodactyla;Bos grunniens;CYTC5399-12
Artiodactyla;Antidorcas marsupialis;GBMA5911-13
Artiodactyla;Antidorcas marsupialis;GBMA5913-13
Artiodactyla;Antidorcas marsupialis;GBMA5912-13
Artiodactyla;Gazella dorcas;GBMTG2802-16
Artiodactyla;Gazella dorcas;CYTC1541-12
Artiodactyla;Gazella dorcas;GBMNA13549-19
Artiodactyla;Moschus anhuiensis;GBMNA16977-19
Artiodactyla;Moschus anhuiensis;GBMNA13703-19
Artiodactyla;Moschus anhuiensis;GBMTG3009-16
Artiodactyla;Odocoileus virginianus;ABMC138-05
Artiodactyla;Odocoileus virginianus;ABMC144-05
Artiodactyla;Odocoileus virginianus;GBMA24183-19
Artiodactyla;Rangifer tarandus;ABRCM077-06
Artiodactyla;Rangifer tarandus;ABMC207-05
Artiodactyla;Rangifer tarandus;ABRCM039-06
Artiodactyla;Ovis ammon;GBMTG2843-16
Artiodactyla;Ovis ammon;GBMNA13618-19
Artiodactyla;Ovis ammon;GBMA23946-19
Artiodactyla;Hippopotamus amphibius;GBMA2411-09
Artiodactyla;Hippopotamus amphibius;GBMTG046-16
Artiodactyla;Hippopotamus amphibius;GBMNA13534-19
Artiodactyla;Phocoena phocoena;GBMA6918-13
Artiodactyla;Phocoena phocoena;ABUAM009-07
Artiodactyla;Phocoena phocoena;IMMB018-11
Artiodactyla;Hippotragus niger;GBMNA13639-19
Artiodactyla;Hippotragus niger;GBMA25005-19
Artiodactyla;Hippotragus niger;GBMA25004-19
Artiodactyla;Stenella longirostris;GBMA16988-17
Artiodactyla;Stenella longirostris;GBMNA17463-19
Artiodactyla;Stenella longirostris;GBMNA17413-19
Artiodactyla;Bos mutus;GBMA25152-19
Artiodactyla;Bos mutus;GBMTG3815-16
Artiodactyla;Bos mutus;GBMA9022-15
Artiodactyla;Balaenoptera borealis;GBMA6949-13
Artiodactyla;Balaenoptera borealis;GBMA25702-19
Artiodactyla;Balaenoptera borealis;GBMTG631-16
Artiodactyla;Mesoplodon stejnegeri;ABUAM040-07
Artiodactyla;Mesoplodon stejnegeri;ABUAM008-07
Artiodactyla;Mesoplodon stejnegeri;ABUAM065-07
Artiodactyla;Tragelaphus scriptus;CYTC1609-12
Artiodactyla;Tragelaphus scriptus;GBMIN43609-14
Artiodactyla;Tragelaphus scriptus;GBMIN43583-14
Artiodactyla;Lagenorhynchus obliquidens;ABUAM054-07
Artiodactyla;Lagenorhynchus obliquidens;GBMA27019-19
Artiodactyla;Lagenorhynchus obliquidens;ABUAM072-07
Artiodactyla;Cephalophus jentinki;GBMNA13626-19
Artiodactyla;Cephalophus jentinki;CEP030-10
Artiodactyla;Cephalophus jentinki;GBMTG2819-16
Artiodactyla;Capricornis sumatraensis;GBMTG2866-16
Artiodactyla;Capricornis sumatraensis;GBMNA13605-19
Artiodactyla;Capricornis sumatraensis;GBMA4094-12
Artiodactyla;Potamochoerus porcus;BSHMT070-09
Artiodactyla;Potamochoerus porcus;BSHMT069-09
Artiodactyla;Potamochoerus porcus;GBMNA13711-19
Carnivora;Phocarctos hookeri;GBMTG862-16
Carnivora;Phocarctos hookeri;GBMA20223-19
Carnivora;Phocarctos hookeri;GBMA20222-19
Carnivora;Halichoerus grypus;ABMC190-05
Carnivora;Halichoerus grypus;IMMB040-12
Carnivora;Halichoerus grypus;IMMB071-12
Carnivora;Lynx rufus;GBMA9651-15
Carnivora;Lynx rufus;GBMA9652-15
Carnivora;Lynx rufus;GBMA19979-19
Carnivora;Mephitis mephitis;GBMA9669-15
Carnivora;Mephitis mephitis;GBMNA13378-19
Carnivora;Mephitis mephitis;GBMTG2848-16
Carnivora;Prionailurus rubiginosus;GBMTG5806-16
Carnivora;Prionailurus rubiginosus;GBMNA13462-19
Carnivora;Prionailurus rubiginosus;GBMA21166-19
Carnivora;Urocyon cinereoargenteus;GBMA9469-15
Carnivora;Urocyon cinereoargenteus;GBMNA13373-19
Carnivora;Urocyon cinereoargenteus;GBMA9445-15
Carnivora;Nandinia binotata;GBMIN43545-14
Carnivora;Nandinia binotata;GBMIN43548-14
Carnivora;Nandinia binotata;GBMTG4280-16
Carnivora;Ursus ingressus;GBMA20980-19
Carnivora;Ursus ingressus;GBMA20979-19
Carnivora;Ursus ingressus;GBMA20981-19
Carnivora;Panthera pardus;GBMA28114-19
Carnivora;Panthera pardus;GBMA16175-17
Carnivora;Panthera pardus;GBMA28133-19
Carnivora;Phoca groenlandica;GBMA21151-19
Carnivora;Phoca groenlandica;GBMA21123-19
Carnivora;Phoca groenlandica;GBMA21144-19
Carnivora;Panthera leo persica;GBMNA13468-19
Carnivora;Panthera leo persica;GBMTG2630-16
Carnivora;Panthera leo persica;GENG056-12
Carnivora;Tremarctos ornatus;GBMA18172-19
Carnivora;Tremarctos ornatus;GBMNA13432-19
Carnivora;Tremarctos ornatus;GBMA17071-17
Carnivora;Pusa hispida;ABUAM014-07
Carnivora;Pusa hispida;GBMNA13425-19
Carnivora;Pusa hispida;ABMC166-05
Carnivora;Arctocephalus forsteri;GBMTG268-16
Carnivora;Arctocephalus forsteri;GBMA21018-19
Carnivora;Arctocephalus forsteri;GBMA21034-19
Carnivora;Lutrogale perspicillata;GBMA20026-19
Carnivora;Lutrogale perspicillata;GBMNA13384-19
Carnivora;Lutrogale perspicillata;GBMA27042-19
Carnivora;Vulpes zerda;GBMA9642-15
Carnivora;Vulpes zerda;GBMNA13374-19
Carnivora;Vulpes zerda;GBMTG5205-16
Carnivora;Panthera uncia;GBMTG1229-16
Carnivora;Panthera uncia;GBMNA13470-19
Carnivora;Panthera uncia;GBMA20024-19
Carnivora;Ailuropoda melanoleuca;GBMA14561-17
Carnivora;Ailuropoda melanoleuca;GBMA14562-17
Carnivora;Ailuropoda melanoleuca;GBMA19957-19
Carnivora;Prionailurus bengalensis;GBMA16280-17
Carnivora;Prionailurus bengalensis;GBMNA17694-19
Carnivora;Prionailurus bengalensis;GBMA16285-17
Carnivora;Leopardus tigrinus;GBMA21158-19
Carnivora;Leopardus tigrinus;GTICO061-18
Carnivora;Leopardus tigrinus;GBMNA13449-19
Carnivora;Panthera tigris amoyensis;GBMNA13471-19
Carnivora;Panthera tigris amoyensis;GBMTG1788-16
Carnivora;Panthera tigris amoyensis;CYTC3092-12
Carnivora;Canis lupus familiaris;GBMA5046-13
Carnivora;Canis lupus familiaris;GBMA5051-13
Carnivora;Canis lupus familiaris;GBMA4997-13
Carnivora;Acinonyx jubatus;GBMA20977-19
Carnivora;Acinonyx jubatus;GBMA0254-06
Carnivora;Acinonyx jubatus;GBMTG383-16
Carnivora;Herpestes javanicus;ABGYG175-06
Carnivora;Herpestes javanicus;ABGYG173-06
Carnivora;Herpestes javanicus;ABGYG172-06
Carnivora;Caracal caracal;ABRMM007-06
Carnivora;Caracal caracal;GBMIN43509-14
Carnivora;Caracal caracal;GBMNA13440-19
Carnivora;Urocyon littoralis santacruzae;GBMA9609-15
Carnivora;Urocyon littoralis santacruzae;GBMA9582-15
Carnivora;Urocyon littoralis santacruzae;GBMA9585-15
Carnivora;Genetta servalina;GBMNA13481-19
Carnivora;Genetta servalina;GBMTG3363-16
Carnivora;Genetta servalina;GBMA19978-19
Carnivora;Mustela nivalis;ABMWC039-06
Carnivora;Mustela nivalis;NOMAM191-18
Carnivora;Mustela nivalis;GBMNA13400-19
Carnivora;Mustela frenata;NBWDA018-07
Carnivora;Mustela frenata;NBWDA021-07
Carnivora;Mustela frenata;NBWDA071-07
Carnivora;Catopuma badia;GBMA20989-19
Carnivora;Catopuma badia;GBMNA13441-19
Carnivora;Catopuma badia;GBMTG5379-16
Carnivora;Felis nigripes;GBMNA13445-19
Carnivora;Felis nigripes;GBMA15170-17
Carnivora;Felis nigripes;GBMA19961-19
Carnivora;Crossarchus platycephalus;GBMIN41649-14
Carnivora;Crossarchus platycephalus;GBMIN41654-14
Carnivora;Crossarchus platycephalus;GBMIN41657-14
Carnivora;Enhydra lutris;GBMA841-07
Carnivora;Enhydra lutris;GBMTG915-16
Carnivora;Enhydra lutris;GBMA18166-19
Carnivora;Prionodon pardicolor;GBMA20224-19
Carnivora;Prionodon pardicolor;GBMTG4382-16
Carnivora;Prionodon pardicolor;GBMNA13479-19
Carnivora;Profelis aurata;GBMNA13465-19
Carnivora;Profelis aurata;GBMTG5812-16
Carnivora;Profelis aurata;GBMIN43508-14
Carnivora;Urocyon littoralis santarosae;GBMA9621-15
Carnivora;Urocyon littoralis santarosae;GBMA9625-15
Carnivora;Urocyon littoralis santarosae;GBMA9622-15
Carnivora;Ursus maritimus;GBMA7384-13
Carnivora;Ursus maritimus;GBMA18174-19
Carnivora;Ursus maritimus;CYTC5486-12
Carnivora;Crocuta crocuta;CYTC5095-12
Carnivora;Crocuta crocuta;GBMA19980-19
Carnivora;Crocuta crocuta;CYTC5093-12
Carnivora;Vulpes velox;ABMC206-05
Carnivora;Vulpes velox;ABMC216-05
Carnivora;Vulpes velox;ABRMM178-07
Carnivora;Crossarchus obscurus;ABRAF011-06
Carnivora;Crossarchus obscurus;ABRAF013-06
Carnivora;Crossarchus obscurus;ABRAF016-06
Chiroptera;Peropteryx trinitatis;BCBNT160-06
Chiroptera;Peropteryx trinitatis;BCBNT163-06
Chiroptera;Peropteryx trinitatis;BCBNT209-06
Chiroptera;Coelops frithii;ABBM008-05
Chiroptera;Coelops frithii;ABBM009-05
Chiroptera;Coelops frithii;ABBSI174-09
Chiroptera;Neoromicia cf. guineensis;SKBET100-07
Chiroptera;Neoromicia cf. guineensis;SKBET081-07
Chiroptera;Neoromicia cf. guineensis;SKBET091-07
Chiroptera;Pteronotus macleayii;GBMA16578-17
Chiroptera;Pteronotus macleayii;GBMA16373-17
Chiroptera;Pteronotus macleayii;GBMA16627-17
Chiroptera;Rhinolophus cf. chaseni;ABBSI240-10
Chiroptera;Rhinolophus cf. chaseni;ABBSI252-10
Chiroptera;Rhinolophus cf. chaseni;ABBSI249-10
Chiroptera;Glossophaga leachii;BCBN249-05
Chiroptera;Glossophaga leachii;ABCSA148-06
Chiroptera;Glossophaga leachii;BCBN246-05
Chiroptera;Kerivoula cf. lenis;BM430-04
Chiroptera;Kerivoula cf. lenis;ABBM113-05
Chiroptera;Kerivoula cf. lenis;ABRSS334-06
Chiroptera;Lavia frons;GBMA9798-15
Chiroptera;Lavia frons;GBMA9799-15
Chiroptera;Lavia frons;GBMA9797-15
Chiroptera;Carollia subrufa;ABCSA736-06
Chiroptera;Carollia subrufa;BCBN427-05
Chiroptera;Carollia subrufa;BCBN265-05
Chiroptera;Glauconycteris argentata;GBMA25456-19
Chiroptera;Glauconycteris argentata;GBMA25461-19
Chiroptera;Glauconycteris argentata;GBMA25460-19
Chiroptera;Epomophorus labiatus;ABCDC292-07
Chiroptera;Epomophorus labiatus;ABBWP369-07
Chiroptera;Epomophorus labiatus;ABBWP367-07
Chiroptera;Epomophorus cf. labiatus;GBMA26572-19
Chiroptera;Epomophorus cf. labiatus;GBMA26665-19
Chiroptera;Epomophorus cf. labiatus;GBMA26674-19
Chiroptera;Myotis phanluongi;SKBPA032-06
Chiroptera;Myotis phanluongi;SKBPA507-08
Chiroptera;Myotis phanluongi;BM625-04
Chiroptera;Cynopterus brachyotis;BPHB186-19
Chiroptera;Cynopterus brachyotis;BPHB173-19
Chiroptera;Cynopterus brachyotis;ABRCY094-06
Chiroptera;Myotis daubentonii;SKBPA304-07
Chiroptera;Myotis daubentonii;SKBPA324-07
Chiroptera;Myotis daubentonii;SKBPA112-07
Chiroptera;Harpyionycteris whiteheadi;BPHB146-18
Chiroptera;Harpyionycteris whiteheadi;BPHB147-18
Chiroptera;Harpyionycteris whiteheadi;BPHB145-18
Chiroptera;Eptesicus serotinus;SKBPA560-08
Chiroptera;Eptesicus serotinus;ABBWP062-06
Chiroptera;Eptesicus serotinus;SKMZM972-10
Chiroptera;Anoura latidens;ABGYF655-06
Chiroptera;Anoura latidens;BCBNC086-06
Chiroptera;Anoura latidens;BCBNC158-06
Chiroptera;Pteronotus parnellii;GBMA16397-17
Chiroptera;Pteronotus parnellii;ABSRA1331-10
Chiroptera;Pteronotus parnellii;ABSRA1349-10
Chiroptera;Pipistrellus coromandra;SKBPA506-08
Chiroptera;Pipistrellus coromandra;GBMA28168-19
Chiroptera;Pipistrellus coromandra;SKBPA510-08
Chiroptera;Cynopterus sphinx;BM077-03
Chiroptera;Cynopterus sphinx;ABRCY075-06
Chiroptera;Cynopterus sphinx;ABBM317-05
Chiroptera;Myotis ikonnikovi;SKBPA655-11
Chiroptera;Myotis ikonnikovi;SKBPA581-10
Chiroptera;Myotis ikonnikovi;SKBPA145-07
Chiroptera;Myotis emarginatus;ABBWP316-07
Chiroptera;Myotis emarginatus;GBMA3550-12
Chiroptera;Myotis emarginatus;GBMIN41898-14
Chiroptera;Harpiocephalus harpia;ABRMU143-06
Chiroptera;Harpiocephalus harpia;SKBPA516-08
Chiroptera;Harpiocephalus harpia;BTSEA025-13
Chiroptera;Artibeus anderseni;BCBN866-05
Chiroptera;Artibeus anderseni;BCBN825-05
Chiroptera;Artibeus anderseni;SKBPA535-08
Chiroptera;Myonycteris torquata;GBMA5665-13
Chiroptera;Myonycteris torquata;GBMA5664-13
Chiroptera;Myonycteris torquata;GBMA3900-12
Chiroptera;Lonchophylla robusta;BPBAT217-14
Chiroptera;Lonchophylla robusta;BPBAT219-14
Chiroptera;Lonchophylla robusta;BCBN651-05
Chiroptera;Miniopterus pusillus;ABBM331-05
Chiroptera;Miniopterus pusillus;GBMA27239-19
Chiroptera;Miniopterus pusillus;BM600-04
Chiroptera;Choeroniscus minor;BCBNT032-06
Chiroptera;Choeroniscus minor;BCBNT126-06
Chiroptera;Choeroniscus minor;BCBNT284-06
Chiroptera;Artibeus gnomus;ABGYC110-06
Chiroptera;Artibeus gnomus;ABGYE460-06
Chiroptera;Artibeus gnomus;ABSRA1029-10
Chiroptera;Rhinolophus macrotis;ABCMA697-07
Chiroptera;Rhinolophus macrotis;GBMA28350-19
Chiroptera;Rhinolophus macrotis;GBMA28341-19
Chiroptera;Hypsugo pulveratus;BM222-03
Chiroptera;Hypsugo pulveratus;ABRLA109-06
Chiroptera;Hypsugo pulveratus;BM223-03
Chiroptera;Rhinolophus cf. thomasi;ABCMA479-06
Chiroptera;Rhinolophus cf. thomasi;ABCMA388-06
Chiroptera;Rhinolophus cf. thomasi;ABCMA400-06
Chiroptera;Myotis lucifugus 1;BCTT157-06
Chiroptera;Myotis lucifugus 1;BCTT183-06
Chiroptera;Myotis lucifugus 1;BCTT258-06
Chiroptera;Platyrrhinus helleri;ABSMS323-06
Chiroptera;Platyrrhinus helleri;ABECA829-06
Chiroptera;Platyrrhinus helleri;BCBN386-05
Chiroptera;Plecotus sardus;GBMA3588-12
Chiroptera;Plecotus sardus;GBMA3589-12
Chiroptera;Plecotus sardus;GBMA3484-12
Chiroptera;Lophostoma carrikeri;BCBNT132-06
Chiroptera;Lophostoma carrikeri;BCBNT994-06
Chiroptera;Lophostoma carrikeri;ABRMM067-07
Chiroptera;Myotis nigricans PS1;ABGYF302-06
Chiroptera;Myotis nigricans PS1;BCBN137-05
Chiroptera;Myotis nigricans PS1;BCBN307-05
Chiroptera;Myotis siligorensis;ABCMA631-07
Chiroptera;Myotis siligorensis;SKBPA029-06
Chiroptera;Myotis siligorensis;ABRLA080-06
Chiroptera;Saccopteryx bilineata;ABSMS158-06
Chiroptera;Saccopteryx bilineata;BCBN422-05
Chiroptera;Saccopteryx bilineata;ABSRA251-06
Dermoptera;Galeopterus variegatus;GBMNA19010-19
Dermoptera;Galeopterus variegatus;GBMTG275-16
Dermoptera;Galeopterus variegatus;CYTC5188-12
Eulipotyphla;Crocidura fingui;GBMA14378-15
Eulipotyphla;Crocidura fingui;GBMA14379-15
Eulipotyphla;Crocidura fingui;GBMA14380-15
Eulipotyphla;Crocidura fuliginosa;TMSE022-04
Eulipotyphla;Crocidura fuliginosa;GBMA24883-19
Eulipotyphla;Crocidura fuliginosa;GBMA4245-12
Eulipotyphla;Sorex minutus;NOMAM007-09
Eulipotyphla;Sorex minutus;NOMAM006-09
Eulipotyphla;Sorex minutus;NOMAM139-16
Eulipotyphla;Sorex caecutiens;MEP213-08
Eulipotyphla;Sorex caecutiens;NAZIM288-08
Eulipotyphla;Sorex caecutiens;GBMA7092-13
Eulipotyphla;Neomys teres;SKMZM386-08
Eulipotyphla;Neomys teres;SKMZM384-08
Eulipotyphla;Neomys teres;SKMZM385-08
Eulipotyphla;Sorex volnuchini;SKMZM348-08
Eulipotyphla;Sorex volnuchini;SKMZM351-08
Eulipotyphla;Sorex volnuchini;SKMZM354-08
Eulipotyphla;Sorex roboratus;MEP198-08
Eulipotyphla;Sorex roboratus;SKMZM302-07
Eulipotyphla;Sorex roboratus;GBMA28531-19
Eulipotyphla;Crocidura nimbasilvanus;GBMIN42330-14
Eulipotyphla;Crocidura nimbasilvanus;GBMIN42312-14
Eulipotyphla;Crocidura nimbasilvanus;GBMIN42327-14
Eulipotyphla;Uropsilus gracilis;GBMA28948-19
Eulipotyphla;Uropsilus gracilis;GBMTG3361-16
Eulipotyphla;Uropsilus gracilis;GBMA14552-15
Eulipotyphla;Blarina brevicauda;ABRCI272-06
Eulipotyphla;Blarina brevicauda;ABMC234-05
Eulipotyphla;Blarina brevicauda;ABRCI022-06
Eulipotyphla;Sorex excelsus;GBMA14546-15
Eulipotyphla;Sorex excelsus;GBMA14547-15
Eulipotyphla;Sorex excelsus;GBMA14548-15
Eulipotyphla;Sorex palustris;ABRCI099-06
Eulipotyphla;Sorex palustris;ABRCI384-06
Eulipotyphla;Sorex palustris;ABRCI078-06
Eulipotyphla;Episoriculus fumidus;GBMA4263-12
Eulipotyphla;Episoriculus fumidus;GBMNA13825-19
Eulipotyphla;Episoriculus fumidus;GBMTG193-16
Eulipotyphla;Crocidura nimbae;GBMIN42333-14
Eulipotyphla;Crocidura nimbae;GBMIN42335-14
Eulipotyphla;Crocidura nimbae;GBMIN42331-14
Eulipotyphla;Solenodon paradoxus;GBMA22377-19
Eulipotyphla;Solenodon paradoxus;GBMA22374-19
Eulipotyphla;Solenodon paradoxus;GBMA22378-19
Eulipotyphla;Crocidura viaria;GBMA8073-15
Eulipotyphla;Crocidura viaria;GBMA8072-15
Eulipotyphla;Crocidura viaria;GBMA8066-15
Eulipotyphla;Soriculus nigrescens;GBMA4253-12
Eulipotyphla;Soriculus nigrescens;GBMA4254-12
Eulipotyphla;Soriculus nigrescens;GBMA4230-12
Eulipotyphla;Sorex monticolus;ABRCI360-06
Eulipotyphla;Sorex monticolus;ABRCI376-06
Eulipotyphla;Sorex monticolus;SSDWB001-16
Eulipotyphla;Sorex cylindricauda;GBMA14523-15
Eulipotyphla;Sorex cylindricauda;GBMA14528-15
Eulipotyphla;Sorex cylindricauda;GBMA14527-15
Eulipotyphla;Crocidura negrina;GBMTG4578-16
Eulipotyphla;Crocidura negrina;GBMNA13813-19
Eulipotyphla;Crocidura negrina;GBMA14390-15
Eulipotyphla;Neotetracus sinensis;GBMA24924-19
Eulipotyphla;Neotetracus sinensis;ABCMA806-07
Eulipotyphla;Neotetracus sinensis;GBMA24923-19
Eulipotyphla;Crocidura beatus;GBMA14376-15
Eulipotyphla;Crocidura beatus;GBMA14375-15
Eulipotyphla;Crocidura beatus;GBMTG4575-16
Eulipotyphla;Sorex satunini;SKMZM342-08
Eulipotyphla;Sorex satunini;SKMZM343-08
Eulipotyphla;Sorex satunini;SKMZM341-08
Eulipotyphla;Suncus megalura;GBMA3075-12
Eulipotyphla;Suncus megalura;GBMA3137-12
Eulipotyphla;Suncus megalura;GBMA3072-12
Eulipotyphla;Crocidura russula;GBMNA13809-19
Eulipotyphla;Crocidura russula;BM389-04
Eulipotyphla;Crocidura russula;NOMAM012-09
Eulipotyphla;Sorex unguiculatus;GBMNA13830-19
Eulipotyphla;Sorex unguiculatus;SKMZM347-08
Eulipotyphla;Sorex unguiculatus;SKMZM542-08
Eulipotyphla;Crocidura panayensis;GBMTG4582-16
Eulipotyphla;Crocidura panayensis;GBMNA13814-19
Eulipotyphla;Crocidura panayensis;GBMA14401-15
Eulipotyphla;Crocidura grayi;GBMA14382-15
Eulipotyphla;Crocidura grayi;GBMTG4576-16
Eulipotyphla;Crocidura grayi;GBMA14383-15
Eulipotyphla;Crocidura poensis;GBMA14404-15
Eulipotyphla;Crocidura poensis;GBMA14407-15
Eulipotyphla;Crocidura poensis;GBMA14410-15
Eulipotyphla;Crocidura grandiceps;GBMA3155-12
Eulipotyphla;Crocidura grandiceps;GBMA3173-12
Eulipotyphla;Crocidura grandiceps;GBMA3077-12
Eulipotyphla;Crocidura fulvastra;GBMIN42348-14
Eulipotyphla;Crocidura fulvastra;GBMIN42349-14
Eulipotyphla;Crocidura fulvastra;GBMA8243-15
Eulipotyphla;Sorex trowbridgii;ABRCI324-06
Eulipotyphla;Sorex trowbridgii;ABRCI331-06
Eulipotyphla;Sorex trowbridgii;ABRCI328-06
Eulipotyphla;Crocidura lasiura;SKMZM504-08
Eulipotyphla;Crocidura lasiura;GBMTG5428-16
Eulipotyphla;Crocidura lasiura;GBMNA13819-19
Eulipotyphla;Neohylomys hainanensis;GBMA3263-12
Eulipotyphla;Neohylomys hainanensis;GBMA3349-12
Eulipotyphla;Neohylomys hainanensis;GBMA3348-12
Eulipotyphla;Crocidura jouvenetae;GBMA3170-12
Eulipotyphla;Crocidura jouvenetae;GBMA3055-12
Eulipotyphla;Crocidura jouvenetae;GBMA3090-12
Eulipotyphla;Chodsigoa parca;ABCMA861-07
Eulipotyphla;Chodsigoa parca;GBMA4247-12
Eulipotyphla;Chodsigoa parca;GBMA4248-12
Eulipotyphla;Cryptotis mexicana;EUL002-19
Eulipotyphla;Cryptotis mexicana;EUL001-19
Eulipotyphla;Cryptotis mexicana;EUL003-19
Eulipotyphla;Hylomys suillus;GBMA24917-19
Eulipotyphla;Hylomys suillus;GBMA1723-08
Eulipotyphla;Hylomys suillus;GBMA24918-19
Eulipotyphla;Crocidura attenuata;ABMIV145-08
Eulipotyphla;Crocidura attenuata;ABCMA573-07
Eulipotyphla;Crocidura attenuata;GBMNA13818-19
Eulipotyphla;Sorex araneus;SKMZM658-08
Eulipotyphla;Sorex araneus;ABMEE030-07
Eulipotyphla;Sorex araneus;GBMTG5885-16
Glires;Chaetodipus californicus;MAMN4061-19
Glires;Chaetodipus californicus;MAMN1574-18
Glires;Chaetodipus californicus;MAMN1555-18
Glires;Lepus capensis;GBMA4678-13
Glires;Lepus capensis;GBMA4701-13
Glires;Lepus capensis;GBMTG1932-16
Glires;Sylvilagus floridanus;GBMA9938-15
Glires;Sylvilagus floridanus;ABMC254-05
Glires;Sylvilagus floridanus;ABMC375-09
Glires;Otonyctomys hatti;ABMXC185-06
Glires;Otonyctomys hatti;ABMXB803-06
Glires;Otonyctomys hatti;ABMXB798-06
Glires;Hylomyscus walterverheyeni;PRAO149-11
Glires;Hylomyscus walterverheyeni;PRAO167-11
Glires;Hylomyscus walterverheyeni;PRAO151-11
Glires;Callosciurus finlaysonii;GBMNA13134-19
Glires;Callosciurus finlaysonii;GBMA14735-17
Glires;Callosciurus finlaysonii;GBMA25373-19
Glires;Dipodomys merriami;MAMN4194-19
Glires;Dipodomys merriami;ABMUS030-06
Glires;Dipodomys merriami;MAMN4008-19
Glires;Handleyomys alfaroi;ABMXA369-06
Glires;Handleyomys alfaroi;ABRMM089-07
Glires;Handleyomys alfaroi;ABCSA873-06
Glires;Proechimys goeldii;GBMA23473-19
Glires;Proechimys goeldii;GBMA23472-19
Glires;Proechimys goeldii;GBMA23471-19
Glires;Ochotona dauurica;SKMZM310-07
Glires;Ochotona dauurica;GBMIN43669-14
Glires;Ochotona dauurica;GBMA5474-13
Glires;Oryzomys palustris;MAMN836-18
Glires;Oryzomys palustris;MAMN4253-19
Glires;Oryzomys palustris;MAMN1983-18
Glires;Akodon montensis;GBMA5156-13
Glires;Akodon montensis;GBMTG3709-16
Glires;Akodon montensis;GBMA5152-13
Glires;Mus musculus domesticus;GBMNA18858-19
Glires;Mus musculus domesticus;GBMA4845-13
Glires;Mus musculus domesticus;GBMA4841-13
Glires;Lepus oiostolus;GBMA4766-13
Glires;Lepus oiostolus;GBMA4765-13
Glires;Lepus oiostolus;GBMA4764-13
Glires;Mus sorella;GBMA27265-19
Glires;Mus sorella;GBMA27266-19
Glires;Mus sorella;GBMA27268-19
Glires;Hylomyscus sp. 6;PRAO131-11
Glires;Hylomyscus sp. 6;PRAO129-11
Glires;Hylomyscus sp. 6;PRAO130-11
Glires;Marmota monax;ABMC105-05
Glires;Marmota monax;ABMC296-05
Glires;Marmota monax;ABMC285-05
Glires;Myospalax psilurus;GBMNA13121-19
Glires;Myospalax psilurus;ABCMA289-06
Glires;Myospalax psilurus;ABCMA290-06
Glires;Tylomys watsoni;ABSCA064-06
Glires;Tylomys watsoni;ABSCA088-06
Glires;Tylomys watsoni;ABRMM014-06
Glires;Reithrodontomys spectabilis;ABMXC635-06
Glires;Reithrodontomys spectabilis;ABMXC642-06
Glires;Reithrodontomys spectabilis;ABMXA345-06
Glires;Thomasomys paramorum;GBMA28741-19
Glires;Thomasomys paramorum;GBMA28745-19
Glires;Thomasomys paramorum;GBMA28744-19
Glires;Ctenomys lami;GBMA6360-13
Glires;Ctenomys lami;GBMA6368-13
Glires;Ctenomys lami;GBMA6363-13
Glires;Rattus andamanensis;GBMA24949-19
Glires;Rattus andamanensis;GBMA18983-19
Glires;Rattus andamanensis;GBMA24948-19
Glires;Mus cervicolor;GBMA15633-17
Glires;Mus cervicolor;GBMA15639-17
Glires;Mus cervicolor;GBMNA13081-19
Glires;Neotoma micropus;MAMN313-18
Glires;Neotoma micropus;MAMN3985-19
Glires;Neotoma micropus;MAMN2582-18
Glires;Reithrodontomys microdon;ABCSA898-06
Glires;Reithrodontomys microdon;ABCSA143-06
Glires;Reithrodontomys microdon;ABCSA081-06
Glires;Peromyscus gymnotis;ABMXC395-06
Glires;Peromyscus gymnotis;ABMXC400-06
Glires;Peromyscus gymnotis;ABMXA962-06
Glires;Heimyscus fumosus;PRAO016-11
Glires;Heimyscus fumosus;PRAO008-11
Glires;Heimyscus fumosus;PRAO014-11
Glires;Apodemus draco;GBMA8177-15
Glires;Apodemus draco;RBOLD030-14
Glires;Apodemus draco;ABCMA421-06
Glires;Ochotona curzoniae;GBMA7112-13
Glires;Ochotona curzoniae;GBMA16080-17
Glires;Ochotona curzoniae;GBMA16055-17
Glires;Tamias sibiricus;BM411-04
Glires;Tamias sibiricus;ABCMA263-06
Glires;Tamias sibiricus;SKMZM173-07
Glires;Eothenomys eleusis;GBMA3391-12
Glires;Eothenomys eleusis;GBMA3416-12
Glires;Eothenomys eleusis;GBMA3376-12
Glires;Chaetodipus arenarius;GBMA14852-17
Glires;Chaetodipus arenarius;GBMA18708-19
Glires;Chaetodipus arenarius;GBMA14850-17
Glires;Apodemus agrarius;GBMA25216-19
Glires;Apodemus agrarius;ABCMA137-06
Glires;Apodemus agrarius;GBMA25181-19
Glires;Neotoma mexicana;MAMN2724-18
Glires;Neotoma mexicana;GBMNA13041-19
Glires;Neotoma mexicana;GBMA27896-19
Glires;Geomys breviceps;GBMA8880-15
Glires;Geomys breviceps;GBMA0197-06
Glires;Geomys breviceps;GBMA8873-15
Glires;Microtus oeconomus;NOMAM208-18
Glires;Microtus oeconomus;MAMN2727-18
Glires;Microtus oeconomus;MEP053-08
Glires;Hylomyscus kaimosae;PRAO055-11
Glires;Hylomyscus kaimosae;PRAO053-11
Glires;Hylomyscus kaimosae;PRAO054-11
Glires;Xerospermophilus spilosoma;MAMN4003-19
Glires;Xerospermophilus spilosoma;MAMN3949-19
Glires;Xerospermophilus spilosoma;MAMN4006-19
Glires;Anomalurus pelii;GBMA23515-19
Glires;Anomalurus pelii;GBMA26056-19
Glires;Anomalurus pelii;GBMA8107-15
Metatheria;Didelphis marsupialis;ABGYE055-06
Metatheria;Didelphis marsupialis;ABGYA483-06
Metatheria;Didelphis marsupialis;ABECA905-06
Metatheria;Dromiciops gliroides;GBMTG443-16
Metatheria;Dromiciops gliroides;MACNM017-11
Metatheria;Dromiciops gliroides;GBMNA13915-19
Metatheria;Micoureus regina;ABECB137-08
Metatheria;Micoureus regina;GBMA2447-09
Metatheria;Micoureus regina;ABRMM123-07
Metatheria;Vombatus ursinus;GBMNA13914-19
Metatheria;Vombatus ursinus;GBMTG245-16
Metatheria;Vombatus ursinus;GBMA17227-17
Metatheria;Marmosa mexicana;ABMXC243-06
Metatheria;Marmosa mexicana;ABMXC001-06
Metatheria;Marmosa mexicana;ABCSA342-06
Metatheria;Marmosa murina;ABGYB243-06
Metatheria;Marmosa murina;ABFG012-08
Metatheria;Marmosa murina;ABGYB242-06
Metatheria;Didelphis pernigra;ABECA238-06
Metatheria;Didelphis pernigra;ABECA236-06
Metatheria;Didelphis pernigra;ABECA237-06
Metatheria;Macropus fuliginosus;GBMA22313-19
Metatheria;Macropus fuliginosus;GBMA27044-19
Metatheria;Macropus fuliginosus;GBMA27043-19
Metatheria;Marmosops parvidens;ABSRA1226-10
Metatheria;Marmosops parvidens;ABGYA102-06
Metatheria;Marmosops parvidens;ABSRA218-06
Metatheria;Marmosops pinheiroi;ABGYG1205-08
Metatheria;Marmosops pinheiroi;ABGYE115-06
Metatheria;Marmosops pinheiroi;ABFG041-08
Metatheria;Didelphis albiventris;GBMA6417-13
Metatheria;Didelphis albiventris;GBMA6387-13
Metatheria;Didelphis albiventris;GBMA6404-13
Metatheria;Phascolarctos cinereus;GBMA16189-17
Metatheria;Phascolarctos cinereus;GBMNA16761-19
Metatheria;Phascolarctos cinereus;GBMTG807-16
Metatheria;Gracilinanus microtarsus;BATFM016-09
Metatheria;Gracilinanus microtarsus;GBMA22295-19
Metatheria;Gracilinanus microtarsus;BATFM018-09
Metatheria;Petrogale brachyotis;GBMA3898-12
Metatheria;Petrogale brachyotis;GBMA22302-19
Metatheria;Petrogale brachyotis;GBMA3887-12
Metatheria;Burramys parvus;GBMA0448-06
Metatheria;Burramys parvus;GBMA0451-06
Metatheria;Burramys parvus;GBMA22327-19
Metatheria;Monodelphis americana;BATFM063-09
Metatheria;Monodelphis americana;BATFM058-09
Metatheria;Monodelphis americana;BATFM053-09
Metatheria;Caluromys philander;BATFM003-09
Metatheria;Caluromys philander;ABSRA767-08
Metatheria;Caluromys philander;BATFM363-09
Metatheria;Potorous tridactylus apicalis;GBMA6347-13
Metatheria;Potorous tridactylus apicalis;GBMA6348-13
Metatheria;Potorous tridactylus apicalis;GBMA6349-13
Metatheria;Philander frenatus;BATFM068-09
Metatheria;Philander frenatus;BATFM369-09
Metatheria;Philander frenatus;BATFM067-09
Metatheria;Thylacinus cynocephalus;GBMA25099-19
Metatheria;Thylacinus cynocephalus;GBMA1891-09
Metatheria;Thylacinus cynocephalus;GBMA25085-19
Metatheria;Marmosops incanus;GBMA5891-13
Metatheria;Marmosops incanus;GBMA5875-13
Metatheria;Marmosops incanus;GBMA5881-13
Metatheria;Micoureus paraguayanus;BATFM367-09
Metatheria;Micoureus paraguayanus;BATFM042-09
Metatheria;Micoureus paraguayanus;BATFM052-09
Metatheria;Metachirus nudicaudatus;ABSRA256-06
Metatheria;Metachirus nudicaudatus;GBMNA13900-19
Metatheria;Metachirus nudicaudatus;ABSMS564-06
Metatheria;Didelphis imperfecta;ABGYF479-06
Metatheria;Didelphis imperfecta;ABGYF584-06
Metatheria;Didelphis imperfecta;ABGYB813-06
Metatheria;Didelphis aurita;BATFM012-09
Metatheria;Didelphis aurita;GBMA6378-13
Metatheria;Didelphis aurita;BATFM009-09
Metatheria;Marmosops invictus;ABSMS616-06
Metatheria;Marmosops invictus;ABRMM151-07
Metatheria;Marmosops invictus;ABECB166-08
Metatheria;Potorous tridactylus tridactylus;GBMA6355-13
Metatheria;Potorous tridactylus tridactylus;GBMA6356-13
Metatheria;Potorous tridactylus tridactylus;GBMA6354-13
Metatheria;Monodelphis domestica;GTENK007-11
Metatheria;Monodelphis domestica;GBMTG508-16
Metatheria;Monodelphis domestica;GBMNA19018-19
Metatheria;Philander andersoni;ABECA961-06
Metatheria;Philander andersoni;ABSMS556-06
Metatheria;Philander andersoni;ABECA965-06
Metatheria;Macropus giganteus;GBMA15383-17
Metatheria;Macropus giganteus;GBMTG4571-16
Metatheria;Macropus giganteus;PHVRT017-13
Metatheria;Potorous tridactylus trisulcatus;GBMA6350-13
Metatheria;Potorous tridactylus trisulcatus;GBMA6353-13
Metatheria;Potorous tridactylus trisulcatus;GBMA6351-13
Metatheria;Micoureus demerarae;GBMA18350-19
Metatheria;Micoureus demerarae;ABSMS565-06
Metatheria;Micoureus demerarae;ABGYB432-06
Metatheria;Marmosa waterhousei;ABECB096-08
Metatheria;Marmosa waterhousei;ABRMM111-07
Metatheria;Marmosa waterhousei;ABSMS560-06
Metatheria;Sarcophilus harrisii;GBMA5945-13
Metatheria;Sarcophilus harrisii;GBMA5941-13
Metatheria;Sarcophilus harrisii;GBMA5936-13
Metatheria;Monodelphis brevicaudata;ABGYB759-06
Metatheria;Monodelphis brevicaudata;ABSRA1337-10
Metatheria;Monodelphis brevicaudata;ABSMS581-06
Metatheria;Isoodon macrourus;GBMNA13919-19
Metatheria;Isoodon macrourus;GBMTG167-16
Metatheria;Isoodon macrourus;PHVRT009-13
Metatheria;Philander opossum;ABTVC182-05
Metatheria;Philander opossum;ABGYE282-06
Metatheria;Philander opossum;ABGYD814-06
Metatheria;Myrmecobius fasciatus;GBMTG1238-16
Metatheria;Myrmecobius fasciatus;GBMA4849-13
Metatheria;Myrmecobius fasciatus;GBMNA13897-19
Metatheria;Didelphis virginiana;ABMXA882-06
Metatheria;Didelphis virginiana;ABRCM223-06
Metatheria;Didelphis virginiana;ABMXC313-06
Perissodactyla;Dicerorhinus sumatrensis;GBMA25547-19
Perissodactyla;Dicerorhinus sumatrensis;GBMA25544-19
Perissodactyla;Dicerorhinus sumatrensis;GBMA25542-19
Perissodactyla;Diceros bicornis;GBMA10125-15
Perissodactyla;Diceros bicornis;GBMIN42350-14
Perissodactyla;Diceros bicornis;GBMNA13855-19
Perissodactyla;Rhinoceros unicornis;GBMNA13857-19
Perissodactyla;Rhinoceros unicornis;GBMTG089-16
Perissodactyla;Rhinoceros unicornis;GBMA18509-19
Perissodactyla;Equus caballus;GBMA22627-19
Perissodactyla;Equus caballus;GBMA10113-15
Perissodactyla;Equus caballus;GBMA10081-15
Perissodactyla;Equus burchellii quagga;GBMA5953-13
Perissodactyla;Equus burchellii quagga;GBMA10041-15
Perissodactyla;Equus burchellii quagga;GBMTG3589-16
Perissodactyla;Rhinoceros sondaicus;GBMTG1466-16
Perissodactyla;Rhinoceros sondaicus;GBMA22548-19
Perissodactyla;Rhinoceros sondaicus;GBMNA13856-19
Perissodactyla;Equus grevyi;GBMNA13851-19
Perissodactyla;Equus grevyi;GBMA5965-13
Perissodactyla;Equus grevyi;GBMIN41800-14
Perissodactyla;Equus asinus;GBMA9963-15
Perissodactyla;Equus asinus;GBMA10037-15
Perissodactyla;Equus asinus;GBMA9985-15
Perissodactyla;Equus przewalskii;GBMA22565-19
Perissodactyla;Equus przewalskii;GBMA22560-19
Perissodactyla;Equus przewalskii;GBMA22561-19
Perissodactyla;Hippidion saldiasi;GBMA10119-15
Perissodactyla;Hippidion saldiasi;GBMA10121-15
Perissodactyla;Hippidion saldiasi;GBMA10120-15
Perissodactyla;Haringtonhippus francisci;GBMA25560-19
Perissodactyla;Haringtonhippus francisci;GBMA22580-19
Perissodactyla;Haringtonhippus francisci;GBMA25564-19
Perissodactyla;Elasmotherium sibiricum;GBMA26546-19
Perissodactyla;Elasmotherium sibiricum;GBMA26544-19
Perissodactyla;Elasmotherium sibiricum;GBMA26547-19
Perissodactyla;Tapirus kabomani;GBMA8045-13
Perissodactyla;Tapirus kabomani;GBMA8046-13
Perissodactyla;Tapirus kabomani;GBMA8047-13
Perissodactyla;Equus burchellii;GBMA5847-13
Perissodactyla;Equus burchellii;GBMA5907-13
Perissodactyla;Equus burchellii;GBMA5848-13
Perissodactyla;Equus ferus przewalskii;CYTC577-12
Perissodactyla;Equus ferus przewalskii;GBMA3019-11
Perissodactyla;Equus ferus przewalskii;CYTC1355-12
Perissodactyla;Equus kiang;GBMA5961-13
Perissodactyla;Equus kiang;GBMTG2936-16
Perissodactyla;Equus kiang;GBMNA13846-19
Perissodactyla;Equus zebra;GBMTG2920-16
Perissodactyla;Equus zebra;GBMA5842-13
Perissodactyla;Equus zebra;GBMA15139-17
Perissodactyla;Equus ferus caballus;CYTC589-12
Perissodactyla;Equus ferus caballus;CYTC561-12
Perissodactyla;Equus ferus caballus;CYTC590-12
Perissodactyla;Tapirus terrestris;GBMA8043-13
Perissodactyla;Tapirus terrestris;GBMA8039-13
Perissodactyla;Tapirus terrestris;GBMA8038-13
Perissodactyla;Ceratotherium simum;GBMA14825-17
Perissodactyla;Ceratotherium simum;GBMNA16630-19
Perissodactyla;Ceratotherium simum;GBMA22529-19
Pholidota;Manis temminckii;GBMA27140-19
Pholidota;Manis temminckii;GBMA25808-19
Pholidota;Manis temminckii;GBMA25809-19
Pholidota;Manis pentadactyla;GBMNA13859-19
Pholidota;Manis pentadactyla;GBMA27139-19
Pholidota;Manis pentadactyla;GBMIN42559-14
Pholidota;Manis tetradactyla;GBMA22657-19
Pholidota;Manis tetradactyla;GBMA22656-19
Pholidota;Manis tetradactyla;GBMA15408-17
Pholidota;Manis crassicaudata;GBMNA13864-19
Pholidota;Manis crassicaudata;GBMA27071-19
Pholidota;Manis crassicaudata;GBMA27073-19
Pholidota;Manis javanica;GBMA15399-17
Pholidota;Manis javanica;GBMA15406-17
Pholidota;Manis javanica;GBMTG4241-16
Pholidota;Manis tricuspis;GBMA22658-19
Pholidota;Manis tricuspis;GBMA25807-19
Pholidota;Manis tricuspis;GBMA15414-17
Pholidota;Manis culionensis;GBMNA13865-19
Pholidota;Manis culionensis;GBMA27074-19
Pholidota;Manis culionensis;GBMA15403-17
Primates;Ateles hybridus;GTICO091-18
Primates;Ateles hybridus;GTICO079-18
Primates;Ateles hybridus;GTICO087-18
Primates;Macaca silenus;GBMNA13182-19
Primates;Macaca silenus;GBMTG4235-16
Primates;Macaca silenus;GBMA17634-19
Primates;Rungwecebus kipunji;GBMA4287-13
Primates;Rungwecebus kipunji;GBMA4285-13
Primates;Rungwecebus kipunji;GBMA4284-13
Primates;Plecturocebus cinerascens;GBMA18077-19
Primates;Plecturocebus cinerascens;GBMA18076-19
Primates;Plecturocebus cinerascens;GBMA18078-19
Primates;Macaca fuscata;GBMA17604-19
Primates;Macaca fuscata;GBMA17603-19
Primates;Macaca fuscata;GBMNA13184-19
Primates;Papio cynocephalus;GBMTG2932-16
Primates;Papio cynocephalus;GBMA17663-19
Primates;Papio cynocephalus;GBMA17702-19
Primates;Allocebus trichotis;GBMA17744-19
Primates;Allocebus trichotis;GBMA17743-19
Primates;Allocebus trichotis;GBMNA13279-19
Primates;Mandrillus leucophaeus;GBMA6510-13
Primates;Mandrillus leucophaeus;GBMA0343-06
Primates;Mandrillus leucophaeus;GBMTG5652-16
Primates;Cercopithecus erythrogaster;GBMA8115-15
Primates;Cercopithecus erythrogaster;GBMA8111-15
Primates;Cercopithecus erythrogaster;GBMA8110-15
Primates;Avahi laniger;GBMA14092-15
Primates;Avahi laniger;GBMNA13306-19
Primates;Avahi laniger;GBMTG3795-16
Primates;Perodicticus potto;GBMTG1631-16
Primates;Perodicticus potto;GBMA8832-15
Primates;Perodicticus potto;GBMNA13358-19
Primates;Cercopithecus neglectus;GBMA17457-19
Primates;Cercopithecus neglectus;GBMA17456-19
Primates;Cercopithecus neglectus;GBMA17454-19
Primates;Saimiri boliviensis;GBMTG4023-16
Primates;Saimiri boliviensis;RDATC005-05
Primates;Saimiri boliviensis;ACLB046-06
Primates;Cheirogaleus major;GBMA17750-19
Primates;Cheirogaleus major;GBMA17752-19
Primates;Cheirogaleus major;GBMA17751-19
Primates;Lepilemur mustelinus;GBMA14157-15
Primates;Lepilemur mustelinus;GBMA14154-15
Primates;Lepilemur mustelinus;GBMA14159-15
Primates;Plecturocebus moloch;GBMA18083-19
Primates;Plecturocebus moloch;GBMA18089-19
Primates;Plecturocebus moloch;GBMA18086-19
Primates;Homo neanderthalensis;GBHS15854-19
Primates;Homo neanderthalensis;GBHS15856-19
Primates;Homo neanderthalensis;GBHS15850-19
Primates;Trachypithecus hatinhensis;GBMNA13223-19
Primates;Trachypithecus hatinhensis;GBMA17068-17
Primates;Trachypithecus hatinhensis;GBMTG3107-16
Primates;Hylobates pileatus;GBMTG1675-16
Primates;Hylobates pileatus;GBMA18005-19
Primates;Hylobates pileatus;GBMNA13241-19
Primates;Cercopithecus nictitans;BSHMT088-09
Primates;Cercopithecus nictitans;BSHMT090-09
Primates;Cercopithecus nictitans;BSHMT094-09
Primates;Pongo pygmaeus;GBMA17985-19
Primates;Pongo pygmaeus;GBMTG078-16
Primates;Pongo pygmaeus;GBMA17988-19
Primates;Cercocebus torquatus;GBMNA13168-19
Primates;Cercocebus torquatus;GBMA17442-19
Primates;Cercocebus torquatus;GBMTG4869-16
Primates;Rhinopithecus roxellana;CYTC5423-12
Primates;Rhinopithecus roxellana;GBMA17724-19
Primates;Rhinopithecus roxellana;GBMA10239-15
Primates;Theropithecus gelada;GBMA17714-19
Primates;Theropithecus gelada;GBMTG3030-16
Primates;Theropithecus gelada;GBMA769-07
Primates;Aotus trivirgatus;GBMA17404-19
Primates;Aotus trivirgatus;RDATC006-05
Primates;Aotus trivirgatus;ACLB042-06
Primates;Nomascus gabriellae;GBMA18006-19
Primates;Nomascus gabriellae;GBMTG3157-16
Primates;Nomascus gabriellae;GBMA6808-13
Primates;Cercopithecus diana;GBMTG4870-16
Primates;Cercopithecus diana;GBMA6583-13
Primates;Cercopithecus diana;GBMNA13172-19
Primates;Microcebus arnholdi;GBMA17763-19
Primates;Microcebus arnholdi;GBMNA13284-19
Primates;Microcebus arnholdi;GBMA17762-19
Primates;Otolemur crassicaudatus;GBMA8836-15
Primates;Otolemur crassicaudatus;GBMTG1632-16
Primates;Otolemur crassicaudatus;GBMA17807-19
Primates;Mandrillus sphinx;GBMA17640-19
Primates;Mandrillus sphinx;GBMA8698-15
Primates;Mandrillus sphinx;GBMNA13196-19
Primates;Nycticebus coucang;GBMNA13356-19
Primates;Nycticebus coucang;GBMA18065-19
Primates;Nycticebus coucang;GBMA18064-19
Primates;Symphalangus syndactylus;GBMA0265-06
Primates;Symphalangus syndactylus;GBMA6817-13
Primates;Symphalangus syndactylus;GBMA6823-13
Primates;Lepilemur ruficaudatus;GBMNA13323-19
Primates;Lepilemur ruficaudatus;GBMA18046-19
Primates;Lepilemur ruficaudatus;GBMA18045-19
Primates;Cheirogaleus crossleyi;GBMNA13281-19
Primates;Cheirogaleus crossleyi;GBMA17746-19
Primates;Cheirogaleus crossleyi;GBMA17745-19
Primates;Galago moholi;GBMNA13350-19
Primates;Galago moholi;GBMTG3939-16
Primates;Galago moholi;GBMA17805-19
Primates;Chlorocebus aethiops;GBMA17461-19
Primates;Chlorocebus aethiops;GBMA6587-13
Primates;Chlorocebus aethiops;GBMA14868-17
Primates;Microcebus myoxinus;GBMA17779-19
Primates;Microcebus myoxinus;GBMNA13287-19
Primates;Microcebus myoxinus;GBMA17780-19
Primates;Propithecus edwardsi;GBMA14117-15
Primates;Propithecus edwardsi;GBMA14114-15
Primates;Propithecus edwardsi;GBMNA13309-19
Primates;Macaca nemestrina;GBMA10224-15
Primates;Macaca nemestrina;CAB062-06
Primates;Macaca nemestrina;GBMA17624-19
Primates;Macaca thibetana;GBMTG1361-16
Primates;Macaca thibetana;GBMNA13186-19
Primates;Macaca thibetana;GBMA17636-19
Prototheria;Ornithorhynchus anatinus;GTENK006-11
Prototheria;Ornithorhynchus anatinus;GBMTG048-16
Prototheria;Zaglossus bruijni;GBMNA13924-19
Prototheria;Zaglossus bruijni;GBMTG538-16
Prototheria;Tachyglossus aculeatus;PHVRT015-13
Prototheria;Tachyglossus aculeatus;GBMNA13923-19
Prototheria;Tachyglossus aculeatus;TZMAM004-15
Scandentia;Tupaia longipes;GBMA23555-19
Scandentia;Tupaia splendidula;GBMA17074-17
Scandentia;Tupaia minor;GBMA17082-17
Scandentia;Tupaia minor;GBMA17087-17
Scandentia;Tupaia minor;BM298-03
Scandentia;Tupaia tana;GBMA23554-19
Scandentia;Tupaia tana;GBMA17079-17
Scandentia;Tupaia belangeri;GBMA17075-17
Scandentia;Tupaia belangeri;GBMTG137-16
Scandentia;Tupaia belangeri;GBMA3254-12
Scandentia;Tupaia javanica;ABBID079-09
Scandentia;Tupaia glis;GBMA23572-19
Scandentia;Tupaia glis;GBMA17077-17
Scandentia;Tupaia glis;GBMA17092-17
Scandentia;Tupaia montana;GBMA17093-17
Scandentia;Tupaia gracilis;GBMA17110-17
Xenarthra;Dasypus novemcinctus;GBMNA17011-19
Xenarthra;Dasypus novemcinctus;ABTVC183-05
Xenarthra;Dasypus novemcinctus;GBMTG095-16
Xenarthra;Chaetophractus villosus;GBMNA13872-19
Xenarthra;Chaetophractus villosus;GBMA22264-19
Xenarthra;Chaetophractus villosus;GBMTG5393-16
Xenarthra;Dasypus kappleri;ABRMM092-07
Xenarthra;Dasypus kappleri;GBMNA13879-19
Xenarthra;Dasypus kappleri;GBMTG5455-16
Xenarthra;Tamandua tetradactyla;ABGYD553-06
Xenarthra;Tamandua tetradactyla;GBMNA13891-19
Xenarthra;Tamandua tetradactyla;RDATC067-06
Xenarthra;Chaetophractus vellerosus;GBMNA17010-19
Xenarthra;Chaetophractus vellerosus;GBMNA13871-19
Xenarthra;Chaetophractus vellerosus;GBMTG5392-16
Xenarthra;Dasypus pilosus;GBMA15004-17
Xenarthra;Dasypus pilosus;GBMNA17012-19
Xenarthra;Dasypus pilosus;GBMTG5456-16
Xenarthra;Euphractus sexcinctus;ABSRA1104-10
Xenarthra;Euphractus sexcinctus;GBMA15169-17
Xenarthra;Euphractus sexcinctus;GBMNA13874-19
Xenarthra;Cyclopes didactylus;GBMA14947-17
Xenarthra;Cyclopes didactylus;GBMA22666-19
Xenarthra;Cyclopes didactylus;GBMA14938-17
Xenarthra;Bradypus tridactylus;GBMA25862-19
Xenarthra;Bradypus tridactylus;GBMNA13884-19
Xenarthra;Bradypus tridactylus;GBMA26138-19
Xenarthra;Choloepus didactylus;GBMTG626-16
Xenarthra;Choloepus didactylus;GBMA18514-19
Xenarthra;Choloepus didactylus;GBMA18518-19
Xenarthra;Bradypus torquatus;GBMA1655-08
Xenarthra;Bradypus torquatus;GBMA1653-08
Xenarthra;Bradypus torquatus;GBMA1654-08
Xenarthra;Myrmecophaga tridactyla;GBMTG5692-16
Xenarthra;Myrmecophaga tridactyla;GBMNA13890-19
Xenarthra;Myrmecophaga tridactyla;GBMA27852-19
Xenarthra;Cabassous unicinctus;GBMA6371-13
Xenarthra;Cabassous unicinctus;GBMTG5358-16
Xenarthra;Cabassous unicinctus;GBMNA13869-19
Xenarthra;Bradypus pygmaeus;GBMNA13882-19
Xenarthra;Bradypus pygmaeus;GBMA25861-19
Xenarthra;Bradypus pygmaeus;GBMTG5347-16
Xenarthra;Zaedyus pichiy;GBMNA13878-19
Xenarthra;Zaedyus pichiy;GBMTG5961-16
Xenarthra;Zaedyus pichiy;GBMA22266-19
Xenarthra;Tolypeutes matacus;GBMNA13876-19
Xenarthra;Tolypeutes matacus;GBMA22267-19
Xenarthra;Tolypeutes matacus;GBMTG5926-16
Xenarthra;Choloepus hoffmanni;GBMA18531-19
Xenarthra;Choloepus hoffmanni;GBMA10151-15
Xenarthra;Choloepus hoffmanni;GBMA22671-19
Xenarthra;Dasypus septemcinctus;GBMTG5458-16
Xenarthra;Dasypus septemcinctus;GBMA15002-17
Xenarthra;Dasypus septemcinctus;GBMA15005-17
Xenarthra;Tamandua mexicana;TOPO423-10
Xenarthra;Tamandua mexicana;GBMIN134934-18
Xenarthra;Tamandua mexicana;GBMTG5908-16
Xenarthra;Bradypus variegatus;GBMA25854-19
Xenarthra;Bradypus variegatus;GBMA10133-15
Xenarthra;Bradypus variegatus;GBMA25859-19
